epoch,time,train/box_loss,train/pose_loss,train/kobj_loss,train/cls_loss,train/l1_loss,train/rle_loss,metrics/precision(B),metrics/recall(B),metrics/mAP50(B),metrics/mAP50-95(B),metrics/precision(P),metrics/recall(P),metrics/mAP50(P),metrics/mAP50-95(P),val/box_loss,val/pose_loss,val/kobj_loss,val/cls_loss,val/l1_loss,val/rle_loss,lr/pg0,lr/pg1,lr/pg2
1,85.3274,0.6909,1.37132,0.24947,0.32537,0.01546,2.58,0.99924,1,0.995,0.85786,0.99924,1,0.995,0.97288,0.41049,0.20086,0.20593,0.1313,0.01751,0,0.000657143,0.000657143,0.000657143
2,101.305,0.57052,0.68786,0.16636,0.22665,0.01323,0.84724,0.99918,1,0.995,0.88831,0.99918,1,0.995,0.97494,0.49091,0.19413,0.09665,0.15451,0.02026,0,0.00130197,0.00130197,0.00130197
3,117.305,0.58571,0.5846,0.14926,0.21357,0.01334,0.51381,0.99897,1,0.995,0.88917,0.99897,1,0.995,0.97424,0.603,0.18076,0.0798,0.21128,0.02297,0,0.00192479,0.00192479,0.00192479
4,133.822,0.57123,0.56657,0.14168,0.21267,0.01249,0.60104,0.99929,1,0.995,0.91135,0.99929,1,0.995,0.97567,0.40833,0.13478,0.16069,0.11754,0.01483,0,0.001901,0.001901,0.001901
5,149.451,0.58699,0.72361,0.14937,0.20981,0.01322,0.56367,0.99928,1,0.995,0.92273,0.99928,1,0.995,0.96952,0.48941,0.21209,0.12761,0.19884,0.01843,0,0.001868,0.001868,0.001868
6,164.902,0.54273,0.70929,0.14222,0.2004,0.01222,0.59346,0.99929,1,0.995,0.91611,0.99929,1,0.995,0.98356,0.30271,0.17231,0.10907,0.09398,0.01184,0,0.001835,0.001835,0.001835
7,180.487,0.52602,0.65123,0.14616,0.19955,0.01252,0.52059,0.99929,1,0.995,0.97388,0.99929,1,0.995,0.97917,0.37146,0.14656,0.08689,0.12113,0.01483,0,0.001802,0.001802,0.001802
8,195.875,0.53203,0.62644,0.14872,0.20106,0.01189,0.39307,0.99928,1,0.995,0.94877,0.99928,1,0.995,0.97903,0.42513,0.12554,0.14181,0.12133,0.01701,0,0.001769,0.001769,0.001769
9,211.021,0.52536,0.58135,0.14569,0.19628,0.01198,0.42541,0.99926,1,0.995,0.95131,0.99926,1,0.995,0.98615,0.35261,0.14697,0.14513,0.10803,0.0145,0,0.001736,0.001736,0.001736
10,226.402,0.53801,0.65257,0.14509,0.20971,0.01262,0.43007,0.99928,1,0.995,0.96491,0.99928,1,0.995,0.98648,0.34895,0.15642,0.08097,0.1051,0.01386,0,0.001703,0.001703,0.001703
11,241.844,0.55973,0.73346,0.14335,0.21771,0.01261,0.30864,0.99932,1,0.995,0.89313,0.99932,1,0.995,0.97869,0.43544,0.15556,0.12046,0.12253,0.01672,0,0.00167,0.00167,0.00167
12,256.981,0.53538,0.6903,0.15193,0.20948,0.01258,0.5824,0.9993,1,0.995,0.94794,0.9993,1,0.995,0.98428,0.33895,0.14481,0.14687,0.10319,0.01304,0,0.001637,0.001637,0.001637
13,271.769,0.52228,0.72366,0.14544,0.20485,0.01175,0.47487,0.99929,1,0.995,0.96889,0.99929,1,0.995,0.98083,0.33637,0.13917,0.10329,0.10505,0.01322,0,0.001604,0.001604,0.001604
14,286.473,0.52728,0.70621,0.1443,0.21906,0.01181,0.25057,0.9993,1,0.995,0.93866,0.9993,1,0.995,0.98273,0.39984,0.1272,0.13701,0.13259,0.01568,0,0.001571,0.001571,0.001571
15,301.222,0.51912,0.68555,0.14558,0.218,0.01185,0.27904,0.99929,1,0.995,0.90708,0.99929,1,0.995,0.98152,0.50354,0.17439,0.14437,0.17014,0.01986,0,0.001538,0.001538,0.001538
16,316.349,0.51415,0.71236,0.14545,0.21016,0.01181,0.72988,0.99929,1,0.995,0.95981,0.99929,1,0.995,0.98478,0.42017,0.19381,0.10856,0.12547,0.0167,0,0.001505,0.001505,0.001505
17,331.611,0.48924,0.63468,0.1419,0.19496,0.01132,0.43776,0.99932,1,0.995,0.89648,0.99932,1,0.995,0.98662,0.44893,0.16438,0.09322,0.17027,0.01789,0,0.001472,0.001472,0.001472
18,346.391,0.52893,0.54314,0.14498,0.20141,0.01209,0.18698,0.99929,1,0.995,0.9538,0.99929,1,0.995,0.98768,0.40527,0.11587,0.10982,0.13565,0.01652,0,0.001439,0.001439,0.001439
19,361.483,0.52996,0.68384,0.13888,0.20443,0.01239,0.37026,0.99926,1,0.995,0.96838,0.99926,1,0.995,0.98372,0.35664,0.16126,0.08713,0.1194,0.01296,0,0.001406,0.001406,0.001406
20,376.989,0.50021,0.63297,0.14387,0.187,0.01173,0.35225,0.99931,1,0.995,0.96544,0.99931,1,0.995,0.98284,0.40694,0.14712,0.1176,0.11452,0.0157,0,0.001373,0.001373,0.001373
21,392.36,0.55386,0.6766,0.13822,0.20014,0.01295,0.42517,0.99928,1,0.995,0.94971,0.99928,1,0.995,0.98372,0.36756,0.14983,0.10778,0.11133,0.01464,0,0.00134,0.00134,0.00134
22,407.386,0.48694,0.5694,0.14022,0.19168,0.01118,0.24417,0.99931,1,0.995,0.95945,0.99931,1,0.995,0.98264,0.4369,0.12995,0.13748,0.12639,0.01654,0,0.001307,0.001307,0.001307
23,422.494,0.48208,0.59291,0.13337,0.18179,0.01106,0.37078,0.99924,1,0.995,0.97382,0.99924,1,0.995,0.98466,0.33304,0.13692,0.15141,0.09904,0.01213,0,0.001274,0.001274,0.001274
24,437.685,0.47616,0.6004,0.13683,0.18754,0.0106,0.11265,0.9992,1,0.995,0.96761,0.9992,1,0.995,0.98295,0.2919,0.12221,0.12406,0.10306,0.0114,0,0.001241,0.001241,0.001241
25,452.65,0.4462,0.53208,0.13674,0.17526,0.0098,0.14331,0.9992,1,0.995,0.96499,0.9992,1,0.995,0.98049,0.32842,0.14437,0.11496,0.10065,0.01171,0,0.001208,0.001208,0.001208
26,467.706,0.46401,0.55883,0.1289,0.19921,0.01013,0.1837,0.99923,1,0.995,0.96677,0.99923,1,0.995,0.98349,0.35444,0.24931,0.13141,0.10289,0.0136,0,0.001175,0.001175,0.001175
27,482.867,0.52694,0.6127,0.1331,0.19711,0.01206,0.74299,0.99881,1,0.995,0.97303,0.99881,1,0.995,0.98392,0.3225,0.15875,0.12245,0.09912,0.01232,0,0.001142,0.001142,0.001142
28,497.863,0.47105,0.63269,0.13575,0.18382,0.01056,0.45369,0.99875,1,0.995,0.96807,0.99875,1,0.995,0.98204,0.34278,0.14768,0.10836,0.10184,0.01327,0,0.001109,0.001109,0.001109
29,513.125,0.4479,0.56938,0.1246,0.18012,0.01026,0.28744,0.99895,1,0.995,0.96095,0.99895,1,0.995,0.98382,0.37011,0.18773,0.11773,0.10573,0.01495,0,0.001076,0.001076,0.001076
30,528.197,0.47801,0.57871,0.13359,0.18623,0.01063,0.23495,0.99847,1,0.995,0.97124,0.99847,1,0.995,0.98378,0.25819,0.13257,0.10392,0.08452,0.00983,0,0.001043,0.001043,0.001043
31,543.06,0.4302,0.55952,0.12965,0.18801,0.00955,0.0883,0.99906,1,0.995,0.94554,0.99906,1,0.995,0.9826,0.34583,0.12298,0.09721,0.10148,0.01354,0,0.00101,0.00101,0.00101
32,557.808,0.42557,0.56667,0.1266,0.1705,0.00948,0.3442,0.99926,1,0.995,0.97369,0.99926,1,0.995,0.98392,0.31155,0.17658,0.09548,0.09222,0.01161,0,0.000977,0.000977,0.000977
33,572.576,0.40796,0.45987,0.13249,0.17694,0.00912,0.05381,0.99922,1,0.995,0.97514,0.99922,1,0.995,0.98076,0.2381,0.14411,0.10603,0.07514,0.00941,0,0.000944,0.000944,0.000944
34,587.677,0.424,0.56601,0.12353,0.16127,0.00955,0.10584,0.99932,1,0.995,0.95538,0.99932,1,0.995,0.98053,0.31459,0.16616,0.10562,0.09303,0.01306,0,0.000911,0.000911,0.000911
35,602.451,0.41553,0.5619,0.13054,0.16893,0.00966,0.25655,0.99934,1,0.995,0.96113,0.99934,1,0.995,0.98335,0.30482,0.13383,0.12092,0.09009,0.01229,0,0.000878,0.000878,0.000878
36,617.237,0.40478,0.56702,0.12605,0.16327,0.00946,0.18168,0.99926,1,0.995,0.976,0.99926,1,0.995,0.98404,0.26744,0.12897,0.11256,0.08353,0.01082,0,0.000845,0.000845,0.000845
37,632.056,0.39142,0.51556,0.12009,0.16576,0.00886,0.07683,0.9993,1,0.995,0.97579,0.9993,1,0.995,0.98368,0.28251,0.12001,0.09104,0.08734,0.01131,0,0.000812,0.000812,0.000812
38,646.737,0.39493,0.53283,0.11986,0.15739,0.00881,0.11922,0.9992,1,0.995,0.97377,0.9992,1,0.995,0.98504,0.27244,0.12675,0.10669,0.08201,0.01059,0,0.000779,0.000779,0.000779
39,661.65,0.41226,0.51517,0.12366,0.17287,0.0093,0.16907,0.99919,1,0.995,0.9665,0.99919,1,0.995,0.9805,0.32041,0.13206,0.10519,0.09281,0.01235,0,0.000746,0.000746,0.000746
40,676.467,0.41017,0.50051,0.13197,0.15911,0.00926,0.15225,0.99924,1,0.995,0.97841,0.99924,1,0.995,0.98357,0.29099,0.12741,0.11733,0.08726,0.01175,0,0.000713,0.000713,0.000713
41,691.347,0.41275,0.56752,0.12029,0.15464,0.00959,0.2705,0.99922,1,0.995,0.96722,0.99922,1,0.995,0.98491,0.26488,0.11648,0.09629,0.08123,0.01087,0,0.00068,0.00068,0.00068
42,706.155,0.38312,0.4923,0.1199,0.15813,0.00865,0.09039,0.99925,1,0.995,0.97444,0.99925,1,0.995,0.98384,0.27484,0.11451,0.10751,0.08199,0.01066,0,0.000647,0.000647,0.000647
43,720.721,0.39607,0.4619,0.11635,0.15883,0.00889,0.15535,0.99925,1,0.995,0.96779,0.99925,1,0.995,0.98055,0.3267,0.13244,0.11036,0.09655,0.01321,0,0.000614,0.000614,0.000614
44,735.69,0.38793,0.46357,0.1283,0.15325,0.00864,0.04009,0.9992,1,0.995,0.97903,0.9992,1,0.995,0.98368,0.23305,0.10873,0.10837,0.07583,0.00902,0,0.000581,0.000581,0.000581
45,750.567,0.38682,0.49751,0.12688,0.15599,0.00841,0.07052,0.99927,1,0.995,0.97345,0.99927,1,0.995,0.98256,0.30905,0.10636,0.1069,0.09221,0.01102,0,0.000548,0.000548,0.000548
46,765.458,0.36139,0.45728,0.12292,0.15427,0.00818,0.04228,0.99927,1,0.995,0.97572,0.99927,1,0.995,0.98028,0.26536,0.10996,0.10694,0.08192,0.01045,0,0.000515,0.000515,0.000515
47,780.285,0.33137,0.38536,0.11815,0.14089,0.00724,0.05765,0.99923,1,0.995,0.97611,0.99923,1,0.995,0.98502,0.19698,0.11011,0.10055,0.06595,0.00776,0,0.000482,0.000482,0.000482
48,795.056,0.34968,0.43426,0.11718,0.14525,0.00788,0.0498,0.99927,1,0.995,0.97265,0.99927,1,0.995,0.98486,0.31131,0.1066,0.10046,0.09304,0.01289,0,0.000449,0.000449,0.000449
49,809.842,0.368,0.50044,0.12198,0.16024,0.00827,0.08011,0.99929,1,0.995,0.97242,0.99929,1,0.995,0.9851,0.21346,0.1039,0.10634,0.06888,0.00839,0,0.000416,0.000416,0.000416
50,824.745,0.33974,0.4521,0.11542,0.13841,0.0074,0.03846,0.99929,1,0.995,0.97735,0.99929,1,0.995,0.98373,0.21039,0.10209,0.1005,0.06789,0.00837,0,0.000383,0.000383,0.000383
51,860.316,0.28619,0.24058,0.10332,0.10463,0.01017,0.19781,0.99916,1,0.995,0.97173,0.99916,1,0.995,0.98398,0.20812,0.11039,0.07928,0.06701,0.00837,0,0.00035,0.00035,0.00035
52,875.258,0.26591,0.21945,0.09669,0.09209,0.00966,0.17001,0.99911,1,0.995,0.97521,0.99911,1,0.995,0.98637,0.21222,0.1048,0.07121,0.06742,0.00842,0,0.000317,0.000317,0.000317
53,890.203,0.25136,0.23614,0.1059,0.09037,0.00922,0.16142,0.99913,1,0.995,0.97866,0.99913,1,0.995,0.98511,0.20459,0.1023,0.06828,0.06473,0.00818,0,0.000284,0.000284,0.000284
54,905.204,0.26312,0.20467,0.09527,0.08871,0.00961,0.21735,0.99914,1,0.995,0.97756,0.99914,1,0.995,0.98672,0.24257,0.1051,0.06143,0.07429,0.00949,0,0.000251,0.000251,0.000251
55,920.328,0.2694,0.22404,0.10593,0.0914,0.00978,0.09213,0.99918,1,0.995,0.97219,0.99918,1,0.995,0.98355,0.22724,0.10878,0.06903,0.06961,0.00887,0,0.000218,0.000218,0.000218
56,935.103,0.23663,0.19671,0.09291,0.08059,0.00823,0.05792,0.99918,1,0.995,0.97968,0.99918,1,0.995,0.98594,0.21372,0.10686,0.06692,0.06704,0.00832,0,0.000185,0.000185,0.000185
57,950.04,0.23968,0.23745,0.09987,0.08723,0.00865,0.09324,0.9992,1,0.995,0.97585,0.9992,1,0.995,0.98655,0.19777,0.10881,0.06464,0.06269,0.00778,0,0.000152,0.000152,0.000152
58,964.821,0.22446,0.20903,0.092,0.07729,0.0081,0.1478,0.99919,1,0.995,0.9787,0.99919,1,0.995,0.98402,0.19385,0.10351,0.06241,0.06193,0.00772,0,0.000119,0.000119,0.000119
59,979.581,0.20996,0.19636,0.08789,0.07785,0.00751,0.06361,0.99921,1,0.995,0.97613,0.99921,1,0.995,0.98389,0.18343,0.10071,0.06173,0.05891,0.00728,0,8.6e-05,8.6e-05,8.6e-05
60,994.519,0.20879,0.20082,0.09701,0.07321,0.00769,0.10266,0.99922,1,0.995,0.97691,0.99922,1,0.995,0.98411,0.19522,0.10381,0.06406,0.06193,0.00776,0,5.3e-05,5.3e-05,5.3e-05
