clip_path,serve_type
data/raw\drive\CoachA_Drive_001.mp4,drive
data/raw\drive\CoachA_Drive_002.mp4,drive
data/raw\drive\CoachA_Drive_003.mp4,drive
data/raw\drive\CoachA_Drive_004.mp4,drive
data/raw\drive\CoachA_Drive_005.mp4,drive
data/raw\drive\CoachA_Drive_006.mp4,drive
data/raw\drive\CoachA_Drive_007.mp4,drive
data/raw\drive\CoachA_Drive_008.mp4,drive
data/raw\drive\CoachA_Drive_009.mp4,drive
data/raw\drive\CoachA_Drive_010.mp4,drive
data/raw\drive\CoachA_Drive_011.mp4,drive
data/raw\drive\CoachA_Drive_012.mp4,drive
data/raw\drive\CoachA_Drive_013.mp4,drive
data/raw\drive\CoachA_Drive_014.mp4,drive
data/raw\drive\CoachA_Drive_015.mp4,drive
data/raw\drive\CoachA_Drive_016.mp4,drive
data/raw\drive\CoachA_Drive_017.mp4,drive
data/raw\drive\CoachA_Drive_018.mp4,drive
data/raw\drive\CoachA_Drive_019.mp4,drive
data/raw\drive\CoachA_Drive_020.mp4,drive
data/raw\drive\CoachA_Drive_021.mp4,drive
data/raw\drive\CoachA_Drive_022.mp4,drive
data/raw\drive\CoachA_Drive_023.mp4,drive
data/raw\drive\CoachA_Drive_024.mp4,drive
data/raw\drive\CoachA_Drive_025.mp4,drive
data/raw\drive\CoachA_Drive_026.mp4,drive
data/raw\drive\CoachA_Drive_027.mp4,drive
data/raw\drive\CoachA_Drive_028.mp4,drive
data/raw\drive\CoachA_Drive_029.mp4,drive
data/raw\drive\CoachA_Drive_030.mp4,drive
data/raw\drive\CoachA_Drive_031.mp4,drive
data/raw\drive\CoachA_Drive_032.mp4,drive
data/raw\drive\CoachA_Drive_033.mp4,drive
data/raw\drive\CoachA_Drive_034.mp4,drive
data/raw\drive\CoachA_Drive_035.mp4,drive
data/raw\drive\CoachA_Drive_036.mp4,drive
data/raw\drive\CoachA_Drive_037.mp4,drive
data/raw\drive\CoachA_Drive_038.mp4,drive
data/raw\drive\CoachA_Drive_039.mp4,drive
data/raw\drive\CoachA_Drive_040.mp4,drive
data/raw\drive\CoachA_Drive_041.mp4,drive
data/raw\drive\CoachA_Drive_042.mp4,drive
data/raw\drive\CoachA_Drive_043.mp4,drive
data/raw\drive\CoachA_Drive_044.mp4,drive
data/raw\drive\CoachA_Drive_045.mp4,drive
data/raw\drive\CoachA_Drive_046.mp4,drive
data/raw\drive\CoachA_Drive_047.mp4,drive
data/raw\drive\CoachA_Drive_048.mp4,drive
data/raw\drive\CoachA_Drive_049.mp4,drive
data/raw\lob\CoachA_Lob_001.mp4,lob
data/raw\lob\CoachA_Lob_002.mp4,lob
data/raw\lob\CoachA_Lob_003.mp4,lob
data/raw\lob\CoachA_Lob_004.mp4,lob
data/raw\lob\CoachA_Lob_005.mp4,lob
data/raw\lob\CoachA_Lob_006.mp4,lob
data/raw\lob\CoachA_Lob_007.mp4,lob
data/raw\lob\CoachA_Lob_008.mp4,lob
data/raw\lob\CoachA_Lob_009.mp4,lob
data/raw\lob\CoachA_Lob_010.mp4,lob
data/raw\lob\CoachA_Lob_011.mp4,lob
data/raw\lob\CoachA_Lob_012.mp4,lob
data/raw\lob\CoachA_Lob_013.mp4,lob
data/raw\lob\CoachA_Lob_014.mp4,lob
data/raw\lob\CoachA_Lob_015.mp4,lob
data/raw\lob\CoachA_Lob_016.mp4,lob
data/raw\lob\CoachA_Lob_017.mp4,lob
data/raw\lob\CoachA_Lob_018.mp4,lob
data/raw\lob\CoachA_Lob_019.mp4,lob
data/raw\lob\CoachA_Lob_020.mp4,lob
data/raw\lob\CoachA_Lob_021.mp4,lob
data/raw\lob\CoachA_Lob_022.mp4,lob
data/raw\lob\CoachA_Lob_023.mp4,lob
data/raw\lob\CoachA_Lob_024.mp4,lob
data/raw\lob\CoachA_Lob_025.mp4,lob
data/raw\lob\CoachA_Lob_026.mp4,lob
data/raw\lob\CoachA_Lob_027.mp4,lob
data/raw\lob\CoachA_Lob_028.mp4,lob
data/raw\lob\CoachA_Lob_029.mp4,lob
data/raw\lob\CoachA_Lob_030.mp4,lob
data/raw\lob\CoachA_Lob_031.mp4,lob
data/raw\lob\CoachA_Lob_032.mp4,lob
data/raw\lob\CoachA_Lob_033.mp4,lob
data/raw\lob\CoachA_Lob_034.mp4,lob
data/raw\lob\CoachA_Lob_035.mp4,lob
data/raw\lob\CoachA_Lob_036.mp4,lob
data/raw\lob\CoachA_Lob_037.mp4,lob
data/raw\lob\CoachA_Lob_038.mp4,lob
data/raw\lob\CoachA_Lob_039.mp4,lob
data/raw\lob\CoachA_Lob_040.mp4,lob
data/raw\lob\CoachA_Lob_041.mp4,lob
data/raw\lob\CoachA_Lob_042.mp4,lob
data/raw\lob\CoachA_Lob_043.mp4,lob
data/raw\lob\CoachA_Lob_044.mp4,lob
data/raw\lob\CoachA_Lob_045.mp4,lob
data/raw\lob\CoachA_Lob_046.mp4,lob
data/raw\lob\CoachA_Lob_047.mp4,lob
data/raw\lob\CoachA_Lob_048.mp4,lob
data/raw\lob\CoachA_Lob_049.mp4,lob
data/raw\topspin\CoachA_Topspin_001.mp4,topspin
data/raw\topspin\CoachA_Topspin_002.mp4,topspin
data/raw\topspin\CoachA_Topspin_003.mp4,topspin
data/raw\topspin\CoachA_Topspin_004.mp4,topspin
data/raw\topspin\CoachA_Topspin_005.mp4,topspin
data/raw\topspin\CoachA_Topspin_006.mp4,topspin
data/raw\topspin\CoachA_Topspin_007.mp4,topspin
data/raw\topspin\CoachA_Topspin_008.mp4,topspin
data/raw\topspin\CoachA_Topspin_009.mp4,topspin
data/raw\topspin\CoachA_Topspin_010.mp4,topspin
data/raw\topspin\CoachA_Topspin_011.mp4,topspin
data/raw\topspin\CoachA_Topspin_012.mp4,topspin
data/raw\topspin\CoachA_Topspin_013.mp4,topspin
data/raw\topspin\CoachA_Topspin_014.mp4,topspin
data/raw\topspin\CoachA_Topspin_015.mp4,topspin
data/raw\topspin\CoachA_Topspin_016.mp4,topspin
data/raw\topspin\CoachA_Topspin_017.mp4,topspin
data/raw\topspin\CoachA_Topspin_018.mp4,topspin
data/raw\topspin\CoachA_Topspin_019.mp4,topspin
data/raw\topspin\CoachA_Topspin_020.mp4,topspin
data/raw\topspin\CoachA_Topspin_021.mp4,topspin
data/raw\topspin\CoachA_Topspin_022.mp4,topspin
data/raw\topspin\CoachA_Topspin_023.mp4,topspin
data/raw\topspin\CoachA_Topspin_024.mp4,topspin
data/raw\topspin\CoachA_Topspin_025.mp4,topspin
data/raw\topspin\CoachA_Topspin_026.mp4,topspin
data/raw\topspin\CoachA_Topspin_027.mp4,topspin
data/raw\topspin\CoachA_Topspin_028.mp4,topspin
data/raw\topspin\CoachA_Topspin_029.mp4,topspin
data/raw\topspin\CoachA_Topspin_030.mp4,topspin
data/raw\topspin\CoachA_Topspin_031.mp4,topspin
data/raw\topspin\CoachA_Topspin_032.mp4,topspin
data/raw\topspin\CoachA_Topspin_033.mp4,topspin
data/raw\topspin\CoachA_Topspin_035.mp4,topspin
data/raw\topspin\CoachA_Topspin_036.mp4,topspin
data/raw\topspin\CoachA_Topspin_037.mp4,topspin
data/raw\topspin\CoachA_Topspin_038.mp4,topspin
data/raw\topspin\CoachA_Topspin_039.mp4,topspin
data/raw\topspin\CoachA_Topspin_040.mp4,topspin
data/raw\topspin\CoachA_Topspin_041.mp4,topspin
data/raw\topspin\CoachA_Topspin_042.mp4,topspin
data/raw\topspin\CoachA_Topspin_043.mp4,topspin
data/raw\topspin\CoachA_Topspin_044.mp4,topspin
data/raw\topspin\CoachA_Topspin_045.mp4,topspin
data/raw\topspin\CoachA_Topspin_046.mp4,topspin
data/raw\topspin\CoachA_Topspin_047.mp4,topspin
data/raw\topspin\CoachA_Topspin_048.mp4,topspin
data/raw\topspin\CoachA_Topspin_049.mp4,topspin
data/raw\topspin\Coacha Topspin 035.mp4,topspin
