clip_id,serve_type
0,drive
1,drive
2,drive
3,drive
4,drive
5,drive
6,drive
7,drive
8,drive
9,drive
10,drive
11,drive
12,drive
13,drive
14,drive
15,drive
16,drive
17,drive
18,drive
19,drive
20,drive
21,drive
22,drive
23,drive
24,drive
25,drive
26,drive
27,drive
28,drive
29,drive
30,drive
31,lob
32,lob
33,lob
34,lob
35,lob
36,lob
37,lob
38,lob
39,lob
40,lob
41,lob
42,lob
43,lob
44,lob
45,lob
46,lob
47,lob
48,lob
49,lob
50,lob
51,lob
52,lob
53,lob
54,lob
55,lob
56,lob
57,lob
58,lob
59,topspin
60,topspin
61,topspin
62,topspin
63,topspin
64,topspin
65,topspin
66,topspin
67,topspin
68,topspin
69,topspin
70,topspin
71,topspin
72,topspin
73,topspin
74,topspin
75,topspin
76,topspin
77,topspin
78,topspin
79,topspin
80,topspin
81,topspin
82,topspin
83,topspin
84,topspin
